200, 1, 77, 216, complete, notimeout
200, 1, 57, 14, complete, notimeout
200, 1, 76, 13, complete, notimeout
200, 1, 72, 11, complete, notimeout
200, 1, 57, 11, complete, notimeout
200, 1, 64, 12, complete, notimeout
200, 1, 79, 13, complete, notimeout
200, 1, 60, 739, complete, notimeout
200, 1, 88, 787, complete, notimeout
200, 1, 61, 769, complete, notimeout
200, 1, 63, 775, complete, notimeout
200, 1, 57, 776, complete, notimeout
200, 1, 69, 783, complete, notimeout
200, 1, 58, 2618, complete, notimeout
200, 1, 77, 2753, complete, notimeout
200, 1, 68, 2752, complete, notimeout
200, 1, 74, 2740, complete, notimeout
200, 1, 85, 2618, complete, notimeout
200, 1, 64, 8212, complete, notimeout
200, 1, 72, 16751, complete, notimeout
200, 1, 91, 16728, complete, notimeout
200, 1, 58, 12, complete, notimeout
200, 1, 56, 10, complete, notimeout
200, 1, 60, 12, complete, notimeout
200, 1, 59, 13, complete, notimeout
200, 1, 59, 10, complete, notimeout
200, 1, 62, 10, complete, notimeout
200, 1, 62, 12, complete, notimeout
200, 1, 64, 13, complete, notimeout
200, 1, 63, 16761, complete, notimeout
200, 1, 70, 2155, complete, notimeout
200, 1, 68, 12, complete, notimeout
200, 1, 60, 13, complete, notimeout
200, 1, 79, 13, complete, notimeout
200, 1, 70, 13, complete, notimeout
200, 1, 63, 777, complete, notimeout
200, 1, 78, 787, complete, notimeout
200, 1, 58, 776, complete, notimeout
200, 1, 62, 787, complete, notimeout
200, 1, 57, 2753, complete, notimeout
200, 1, 63, 2753, complete, notimeout
200, 1, 67, 8212, complete, notimeout
200, 1, 66, 16757, complete, notimeout
200, 1, 64, 16757, complete, notimeout
200, 1, 58, 13, complete, notimeout
200, 1, 59, 10, complete, notimeout
200, 1, 62, 13, complete, notimeout
200, 1, 54, 13, complete, notimeout
200, 1, 56, 10, complete, notimeout
200, 1, 55, 10, complete, notimeout
200, 1, 76, 14, complete, notimeout
200, 1, 58, 14, complete, notimeout
